Chromosome	Start	Stop	Ref_allele	Alt_allele	HGVSc	hugo_symbol	HGVSp_short	Ensembl_transcript_no_version	Ensembl_name	Spans_splice_junction	Strand	Variant_Classification
12	25245350	25245350	C	A	c.35G>T	KRAS	p.G12V	ENST00000256078	KRAS-201	no	-	Missense_Mutation
12	25245350	25245350	C	T	c.35G>A	KRAS	p.G12D	ENST00000256078	KRAS-201	no	-	Missense_Mutation
12	25227341	25227341	T	G	c.182A>C	KRAS	p.Q61H	ENST00000256078	KRAS-201	no	-	Missense_Mutation
20	58909365	58909365	C	T	c.601C>T	GNAS	p.R201C	ENST00000371085	GNAS-210	yes	+	Missense_Mutation
3	41224646	41224646	C	A	c.134C>A	CTNNB1	p.S45Y	ENST00000349496	CTNNB1-201	NA	+	Missense_Mutation
2	208248388	208248388	C	T	NA	IDH1	p.R132H	ENST00000415913	NA	NA	-	Missense_Mutation
7	140753336	140753336	A	T	NA	BRAF	p.V600E	ENST00000288602	NA	NA	-	Missense_Mutation
7	55154129	55154129	C	T	NA	EGFR	p.A289V	ENST00000275493	NA	NA	+	Missense_Mutation
3	179234297	179234297	A	G	NA	PIK3CA	p.H1047R	ENST00000263967	NA	NA	+	Missense_Mutation
17	7673802	7673802	C	T	NA	TP53	p.R273H	ENST00000269305	NA	NA	-	Missense_Mutation
17	7673776	7673776	G	A	NA	TP53	p.R282W	ENST00000269305	NA	NA	-	Missense_Mutation
3	179218303	179218303	G	A	NA	PIK3CA	p.E545K	ENST00000263967	NA	NA	+	Missense_Mutation
5	112838934	112838934	C	T	NA	APC	p.R1114*	ENST00000257430	NA	NA	+	stop_gained
5	112780895	112780895	C	A	NA	APC	p.R213*	ENST00000257430	NA	NA	+	Nonsense_Mutation
5	112839469	112839469	C	-	NA	APC	p.T1292Rfs*13	ENST00000257430	NA	NA	+	Frame_Shift_Del
2	208248389	208248389	G	A	c.394C>T	IDH1	p.R132C	ENST00000415913	NA	NA	-	Missense_Mutation
20	36499642	36499642	C	T	NA	DLGAP4	p.Q689*	ENST00000339266	NA	NA	+	Nonsense_Mutation
7	21655854	21655855	TT	-	c.4984_4985del	DNAH11	p.F1662fs	ENST00000328843	NA	NA	+	frameshift_variant
17	7674872	7674872	T	C	NA	TP53	p.Y220C	ENST00000269305	NA	NA	-	missense_variant
13	32337161	32337164	AAAC	-	NA	BRCA2	p.A938fs	ENST00000380152	NA	NA	+	frameshift_variant
11	108252888	108252889	-	T	NA	ATM	p.Q628fs	ENST00000452508	NA	NA	+	frameshift_variant
11	108279578	108279578	C	G	NA	ATM	p.Y1124*	ENST00000452508	NA	NA	+	stop_gained
16	89742841	89742845	TGTTT	-	NA	FANCA	p.E1240fs	ENST00000389301	NA	NA	-	frameshift_variant
7	55142408	55142408	C	A	NA	EGFR	p.Q71K	ENST00000275493	NA	NA	+	Missense_Mutation
3	52408575	52408575	A	C	NA	BAP1	p.W52G	ENST00000460680	NA	NA	-	Missense_Mutation
3	52408056	52408056	T	C	NA	BAP1	p.T93A	ENST00000460680	NA	NA	-	Missense_Mutation
3	52406277	52406278	-	T	NA	BAP1	p.T254Dfs*30	ENST00000460680	NA	NA	-	Frame_Shift_Ins
1	114713907	114713907	T	G	c.183A>C	NRAS	p.Q61H	ENST00000369535	NRAS	NO	-	Missense_Mutation
13	72772794	72772794	C	G	c.1285G>C	DIS3	p.E429Q	ENST00000377767	DIS3	NO	-	Missense_Mutation
13	72761926	72761926	C	T	c.2339G>A	DIS3	p.R780K	ENST00000377767	DIS3	NO	-	Missense_Mutation
6	401576	401576	C	T	c.898C>T	IRF4	p.Q300*	ENST00000380956	IRF4	NO	+	Nonsense_Mutation
20	32435134	32435134	C	-	c.2423delC	ASXL1	p.P808Lfs*10	ENST00000375687	NA	NA	+	Frame_Shift_Del
5	171410541	171410542	-	TGCT	c.863_864insCTTG	NPM1	p.W288Cfs*12	ENST00000296930	NA	NA	+	Frame_Shift_Ins
12	25225733	25225733	T	C	c.331A>G	KRAS	p.M111V	ENST00000256078	NA	NA	-	Missense_Mutation
20	32434909	32434909	C	T	NA	ASXL1	p.Q733*	ENST00000375687	ASXL1-202	NA	+	Nonsense_Mutation
2	25234374	25234374	G	A	NA	DNMT3A	p.R882C	ENST00000264709	NA	NA	-	Missense_Mutation
9	5073770	5073770	G	T	NA	JAK2	p.V617F	ENST00000381652	NA	NA	+	Missense_Mutation
2	197402110	197402110	T	C	NA	SF3B1	p.K700E	ENST00000335508	NA	NA	-	Missense_Mutation
11	3825456	3825456	T	C	NA	PGAP2	p.*316Rext*40	ENST00000278243	NA	NA	+	Nonstop_Mutation
2	64104765	64104765	C	G	NA	PELI1	p.R46T	ENST00000358912	NA	NA	-	Missense_Mutation
5	72195188	72195188	A	T	NA	MAP1B	p.E611D	ENST00000296755	NA	NA	+	Missense_Mutation
6	73517875	73517875	C	G	NA	EEF1A1	p.D442H	ENST00000316292	NA	NA	-	Missense_Mutation
12	21635626	21635626	C	T	NA	LDHB	p.Q307=	ENST00000673047	NA	NA	-	Silent
6	125220121	125220121	A	T	NA	TPD52L1	p.A21=	ENST00000304877	NA	NA	+	Silent
16	18829374	18829374	T	G	c.9515A>C	SMG1	p.K3172T	ENST00000565324	NA	NA	-	Missense_Mutation
5	112839484	112839485	-	T	c.3892dup	APC	p.S1298Ffs*3	ENST00000257430	NA	NA	+	Frame_Shift_Ins