Alternate.probe.name	Variant_type_name	Mutation_role
APC_p.R213*	SNV	Driver
APC_p.S1298Ffs*3	Indel	Driver
ATM_p.Q628fs	Indel	Germline
ATM_p.Y1124*	SNV	Germline
BAP1_p.T93A	SNV	Driver
BRAF_p.V600E	SNV	Driver
BRCA2_p.A938fs	Indel	Driver
CTNNB1_p.S45Y	SNV	Driver
DIS3_p.E429Q	SNV	Driver
DIS3_p.R780K	SNV	Driver
DLGAP4_p.Q689*	SNV	Driver
EEF1A1_p.D442H	SNV	Clonal
FANCA_p.E1240fs	Indel	Germline
GNAS_p.R201C	SNV	Driver
IDH1_p.R132C	SNV	Driver
IDH1_p.R132H	SNV	Driver
IRF4_p.Q300*	SNV	Driver
KRAS_p.G12D	SNV	Driver
KRAS_p.G12V	SNV	Driver
KRAS_p.Q61H	SNV	Driver
LDHB_p.Q307=	SNV	Clonal
MAP1B_p.E611D	SNV	Clonal
NRAS_p.Q61H	SNV	Driver
PELI1_p.R46T	SNV	Clonal
PGAP2_p.*316Rext*40	SNV	Clonal
PIK3CA_p.E545K	SNV	Driver
SMG1_p.K3172T	SNV	Clonal
TP53_p.R282W	SNV	Driver
TP53_p.Y220C	SNV	Germline
TPD52L1_p.A21=	SNV	Clonal